title,price,rating,image,product_link,description,product_info_json,search_query
Samsung,"65,500.00 EGP",4.2 out of 5 stars,https://m.media-amazon.com/images/I/61uvatjvVYL._AC_UL320_.jpg,https://www.amazon.eg/-/en/Samsung-Storage-Titanium-Smartphone-Warranty/dp/B0DSLTQQL3/ref=sr_1_1?dib=eyJ2IjoiMSJ9.x6EDnMrdJZG9Zig2p8bW79Yb6fHh90U93uDxLKiG0iBIa75KgO55HvpQ6DVkAhvl-lp42i64i0g4jVQIiC_kO7jyr-WWySWQHTEwyoYV_CJtkGH1ZrOwXgW2xTO-FZlhfQ0TnRXZs7R-wgepbFSHsgLGXLsWmMdEvfoWe9THcEHclUHvxojsy_zS9V4_1Nuy6rp-ygNr5FMZrrEwJRROgOkPZSecGw8aowmbsQp6Fff45afrADXykRDrUVjoO4rHO7uD8yFCQRjsrcoAv6KKOFgrT2jqOIRq1U8UUoX2OeE.fG6Psl2dWIDZC-lAQPmm1t6UHFIdPW1GEK8IDkTvwfw&dib_tag=se&keywords=samsung+s+25+ultra&qid=1765022550&sr=8-1,,{},samsung s 25 ultra
Samsung,"63,699.00 EGP",4.2 out of 5 stars,https://m.media-amazon.com/images/I/61NUR7kNpZL._AC_UL320_.jpg,https://www.amazon.eg/-/en/Samsung-Storage-Titanium-Smartphone-Warranty/dp/B0DSLS4MN7/ref=sr_1_2?dib=eyJ2IjoiMSJ9.x6EDnMrdJZG9Zig2p8bW79Yb6fHh90U93uDxLKiG0iBIa75KgO55HvpQ6DVkAhvl-lp42i64i0g4jVQIiC_kO7jyr-WWySWQHTEwyoYV_CJtkGH1ZrOwXgW2xTO-FZlhfQ0TnRXZs7R-wgepbFSHsgLGXLsWmMdEvfoWe9THcEHclUHvxojsy_zS9V4_1Nuy6rp-ygNr5FMZrrEwJRROgOkPZSecGw8aowmbsQp6Fff45afrADXykRDrUVjoO4rHO7uD8yFCQRjsrcoAv6KKOFgrT2jqOIRq1U8UUoX2OeE.fG6Psl2dWIDZC-lAQPmm1t6UHFIdPW1GEK8IDkTvwfw&dib_tag=se&keywords=samsung+s+25+ultra&qid=1765022550&sr=8-2,,{},samsung s 25 ultra
Samsung,"64,999.00 EGP",4.2 out of 5 stars,https://m.media-amazon.com/images/I/61TMssuJ-nL._AC_UL320_.jpg,https://www.amazon.eg/-/en/Samsung-Titanium-Whitesilver-Smartphone-Warranty/dp/B0DSQ3KYKB/ref=sr_1_3?dib=eyJ2IjoiMSJ9.x6EDnMrdJZG9Zig2p8bW79Yb6fHh90U93uDxLKiG0iBIa75KgO55HvpQ6DVkAhvl-lp42i64i0g4jVQIiC_kO7jyr-WWySWQHTEwyoYV_CJtkGH1ZrOwXgW2xTO-FZlhfQ0TnRXZs7R-wgepbFSHsgLGXLsWmMdEvfoWe9THcEHclUHvxojsy_zS9V4_1Nuy6rp-ygNr5FMZrrEwJRROgOkPZSecGw8aowmbsQp6Fff45afrADXykRDrUVjoO4rHO7uD8yFCQRjsrcoAv6KKOFgrT2jqOIRq1U8UUoX2OeE.fG6Psl2dWIDZC-lAQPmm1t6UHFIdPW1GEK8IDkTvwfw&dib_tag=se&keywords=samsung+s+25+ultra&qid=1765022550&sr=8-3,,{},samsung s 25 ultra
Samsung,"77,999.00 EGP",3.9 out of 5 stars,https://m.media-amazon.com/images/I/61NUR7kNpZL._AC_UL320_.jpg,https://www.amazon.eg/-/en/Samsung-Storage-Titanium-Smartphone-Warranty/dp/B0DSLVQS5R/ref=sr_1_4?dib=eyJ2IjoiMSJ9.x6EDnMrdJZG9Zig2p8bW79Yb6fHh90U93uDxLKiG0iBIa75KgO55HvpQ6DVkAhvl-lp42i64i0g4jVQIiC_kO7jyr-WWySWQHTEwyoYV_CJtkGH1ZrOwXgW2xTO-FZlhfQ0TnRXZs7R-wgepbFSHsgLGXLsWmMdEvfoWe9THcEHclUHvxojsy_zS9V4_1Nuy6rp-ygNr5FMZrrEwJRROgOkPZSecGw8aowmbsQp6Fff45afrADXykRDrUVjoO4rHO7uD8yFCQRjsrcoAv6KKOFgrT2jqOIRq1U8UUoX2OeE.fG6Psl2dWIDZC-lAQPmm1t6UHFIdPW1GEK8IDkTvwfw&dib_tag=se&keywords=samsung+s+25+ultra&qid=1765022550&sr=8-4,,{},samsung s 25 ultra
Samsung,"29,799.00 EGP",3.8 out of 5 stars,https://m.media-amazon.com/images/I/61O2g9s1cIL._AC_UL320_.jpg,https://www.amazon.eg/-/en/Samsung-Smartphone-Android-6-7-inch-Warranty/dp/B0FPM1RTFS/ref=sr_1_5?dib=eyJ2IjoiMSJ9.x6EDnMrdJZG9Zig2p8bW79Yb6fHh90U93uDxLKiG0iBIa75KgO55HvpQ6DVkAhvl-lp42i64i0g4jVQIiC_kO7jyr-WWySWQHTEwyoYV_CJtkGH1ZrOwXgW2xTO-FZlhfQ0TnRXZs7R-wgepbFSHsgLGXLsWmMdEvfoWe9THcEHclUHvxojsy_zS9V4_1Nuy6rp-ygNr5FMZrrEwJRROgOkPZSecGw8aowmbsQp6Fff45afrADXykRDrUVjoO4rHO7uD8yFCQRjsrcoAv6KKOFgrT2jqOIRq1U8UUoX2OeE.fG6Psl2dWIDZC-lAQPmm1t6UHFIdPW1GEK8IDkTvwfw&dib_tag=se&keywords=samsung+s+25+ultra&qid=1765022550&sr=8-5,,{},samsung s 25 ultra
Samsung,"84,692.99 EGP",3.1 out of 5 stars,https://m.media-amazon.com/images/I/61TMssuJ-nL._AC_UL320_.jpg,https://www.amazon.eg/-/en/Samsung-Titanium-Whitesilver-Smartphone-Warranty/dp/B0DSLVT8S9/ref=sr_1_6?dib=eyJ2IjoiMSJ9.x6EDnMrdJZG9Zig2p8bW79Yb6fHh90U93uDxLKiG0iBIa75KgO55HvpQ6DVkAhvl-lp42i64i0g4jVQIiC_kO7jyr-WWySWQHTEwyoYV_CJtkGH1ZrOwXgW2xTO-FZlhfQ0TnRXZs7R-wgepbFSHsgLGXLsWmMdEvfoWe9THcEHclUHvxojsy_zS9V4_1Nuy6rp-ygNr5FMZrrEwJRROgOkPZSecGw8aowmbsQp6Fff45afrADXykRDrUVjoO4rHO7uD8yFCQRjsrcoAv6KKOFgrT2jqOIRq1U8UUoX2OeE.fG6Psl2dWIDZC-lAQPmm1t6UHFIdPW1GEK8IDkTvwfw&dib_tag=se&keywords=samsung+s+25+ultra&qid=1765022550&sr=8-6,,{},samsung s 25 ultra
Samsung,"84,692.99 EGP",3.8 out of 5 stars,https://m.media-amazon.com/images/I/61uvatjvVYL._AC_UL320_.jpg,https://www.amazon.eg/-/en/Samsung-Storage-Titanium-Smartphone-Warranty/dp/B0DSLT3CVB/ref=sr_1_7?dib=eyJ2IjoiMSJ9.x6EDnMrdJZG9Zig2p8bW79Yb6fHh90U93uDxLKiG0iBIa75KgO55HvpQ6DVkAhvl-lp42i64i0g4jVQIiC_kO7jyr-WWySWQHTEwyoYV_CJtkGH1ZrOwXgW2xTO-FZlhfQ0TnRXZs7R-wgepbFSHsgLGXLsWmMdEvfoWe9THcEHclUHvxojsy_zS9V4_1Nuy6rp-ygNr5FMZrrEwJRROgOkPZSecGw8aowmbsQp6Fff45afrADXykRDrUVjoO4rHO7uD8yFCQRjsrcoAv6KKOFgrT2jqOIRq1U8UUoX2OeE.fG6Psl2dWIDZC-lAQPmm1t6UHFIdPW1GEK8IDkTvwfw&dib_tag=se&keywords=samsung+s+25+ultra&qid=1765022550&sr=8-7,,{},samsung s 25 ultra
Samsung,"22,850.00 EGP",3.9 out of 5 stars,https://m.media-amazon.com/images/I/61ERH+yIyiL._AC_UL320_.jpg,https://www.amazon.eg/-/en/Samsung-Android-Smartphone-Storage-Warranty/dp/B0CX95PRMC/ref=sr_1_8?dib=eyJ2IjoiMSJ9.x6EDnMrdJZG9Zig2p8bW79Yb6fHh90U93uDxLKiG0iBIa75KgO55HvpQ6DVkAhvl-lp42i64i0g4jVQIiC_kO7jyr-WWySWQHTEwyoYV_CJtkGH1ZrOwXgW2xTO-FZlhfQ0TnRXZs7R-wgepbFSHsgLGXLsWmMdEvfoWe9THcEHclUHvxojsy_zS9V4_1Nuy6rp-ygNr5FMZrrEwJRROgOkPZSecGw8aowmbsQp6Fff45afrADXykRDrUVjoO4rHO7uD8yFCQRjsrcoAv6KKOFgrT2jqOIRq1U8UUoX2OeE.fG6Psl2dWIDZC-lAQPmm1t6UHFIdPW1GEK8IDkTvwfw&dib_tag=se&keywords=samsung+s+25+ultra&qid=1765022550&sr=8-8,,{},samsung s 25 ultra
Samsung,,4.1 out of 5 stars,https://m.media-amazon.com/images/I/71a3QoZJqPL._AC_UL320_.jpg,https://www.amazon.eg/-/en/Samsung-Android-Smartphone-Storage-Warranty/dp/B0DNMMMJ1V/ref=sr_1_9?dib=eyJ2IjoiMSJ9.x6EDnMrdJZG9Zig2p8bW79Yb6fHh90U93uDxLKiG0iBIa75KgO55HvpQ6DVkAhvl-lp42i64i0g4jVQIiC_kO7jyr-WWySWQHTEwyoYV_CJtkGH1ZrOwXgW2xTO-FZlhfQ0TnRXZs7R-wgepbFSHsgLGXLsWmMdEvfoWe9THcEHclUHvxojsy_zS9V4_1Nuy6rp-ygNr5FMZrrEwJRROgOkPZSecGw8aowmbsQp6Fff45afrADXykRDrUVjoO4rHO7uD8yFCQRjsrcoAv6KKOFgrT2jqOIRq1U8UUoX2OeE.fG6Psl2dWIDZC-lAQPmm1t6UHFIdPW1GEK8IDkTvwfw&dib_tag=se&keywords=samsung+s+25+ultra&qid=1765022550&sr=8-9,,{},samsung s 25 ultra
Samsung,"2,399.00 EGP",4.2 out of 5 stars,https://m.media-amazon.com/images/I/513awQxPNXL._AC_UL320_.jpg,https://www.amazon.eg/-/en/Samsung-Ergonomic-Command-Navigation-EJ-PS938BSEGUJ/dp/B0DQFLQHHR/ref=sr_1_10?dib=eyJ2IjoiMSJ9.x6EDnMrdJZG9Zig2p8bW79Yb6fHh90U93uDxLKiG0iBIa75KgO55HvpQ6DVkAhvl-lp42i64i0g4jVQIiC_kO7jyr-WWySWQHTEwyoYV_CJtkGH1ZrOwXgW2xTO-FZlhfQ0TnRXZs7R-wgepbFSHsgLGXLsWmMdEvfoWe9THcEHclUHvxojsy_zS9V4_1Nuy6rp-ygNr5FMZrrEwJRROgOkPZSecGw8aowmbsQp6Fff45afrADXykRDrUVjoO4rHO7uD8yFCQRjsrcoAv6KKOFgrT2jqOIRq1U8UUoX2OeE.fG6Psl2dWIDZC-lAQPmm1t6UHFIdPW1GEK8IDkTvwfw&dib_tag=se&keywords=samsung+s+25+ultra&qid=1765022550&sr=8-10,,{},samsung s 25 ultra
Samsung,"2,399.00 EGP",4.8 out of 5 stars,https://m.media-amazon.com/images/I/51n1cCdfeLL._AC_UL320_.jpg,https://www.amazon.eg/-/en/Samsung-Ergonomic-Command-Navigation-EJ-PS938BJEGUJ/dp/B0DQFHC4PD/ref=sr_1_11?dib=eyJ2IjoiMSJ9.x6EDnMrdJZG9Zig2p8bW79Yb6fHh90U93uDxLKiG0iBIa75KgO55HvpQ6DVkAhvl-lp42i64i0g4jVQIiC_kO7jyr-WWySWQHTEwyoYV_CJtkGH1ZrOwXgW2xTO-FZlhfQ0TnRXZs7R-wgepbFSHsgLGXLsWmMdEvfoWe9THcEHclUHvxojsy_zS9V4_1Nuy6rp-ygNr5FMZrrEwJRROgOkPZSecGw8aowmbsQp6Fff45afrADXykRDrUVjoO4rHO7uD8yFCQRjsrcoAv6KKOFgrT2jqOIRq1U8UUoX2OeE.fG6Psl2dWIDZC-lAQPmm1t6UHFIdPW1GEK8IDkTvwfw&dib_tag=se&keywords=samsung+s+25+ultra&qid=1765022550&sr=8-11,,{},samsung s 25 ultra
Samsung,"19,800.00 EGP",3.6 out of 5 stars,https://m.media-amazon.com/images/I/61zVS+3cWlL._AC_UL320_.jpg,https://www.amazon.eg/-/en/Samsung-Titanium-Smartwatch-Al-Powered-Monitoring/dp/B0FG8GDJ9V/ref=sr_1_12?dib=eyJ2IjoiMSJ9.x6EDnMrdJZG9Zig2p8bW79Yb6fHh90U93uDxLKiG0iBIa75KgO55HvpQ6DVkAhvl-lp42i64i0g4jVQIiC_kO7jyr-WWySWQHTEwyoYV_CJtkGH1ZrOwXgW2xTO-FZlhfQ0TnRXZs7R-wgepbFSHsgLGXLsWmMdEvfoWe9THcEHclUHvxojsy_zS9V4_1Nuy6rp-ygNr5FMZrrEwJRROgOkPZSecGw8aowmbsQp6Fff45afrADXykRDrUVjoO4rHO7uD8yFCQRjsrcoAv6KKOFgrT2jqOIRq1U8UUoX2OeE.fG6Psl2dWIDZC-lAQPmm1t6UHFIdPW1GEK8IDkTvwfw&dib_tag=se&keywords=samsung+s+25+ultra&qid=1765022550&sr=8-12,,{},samsung s 25 ultra
Samsung,"12,222.00 EGP",4.1 out of 5 stars,https://m.media-amazon.com/images/I/71+d4rChCCL._AC_UL320_.jpg,https://www.amazon.eg/-/en/Samsung-Android-Smartphone-Storage-Warranty/dp/B0DNMMSRT2/ref=sr_1_13?dib=eyJ2IjoiMSJ9.x6EDnMrdJZG9Zig2p8bW79Yb6fHh90U93uDxLKiG0iBIa75KgO55HvpQ6DVkAhvl-lp42i64i0g4jVQIiC_kO7jyr-WWySWQHTEwyoYV_CJtkGH1ZrOwXgW2xTO-FZlhfQ0TnRXZs7R-wgepbFSHsgLGXLsWmMdEvfoWe9THcEHclUHvxojsy_zS9V4_1Nuy6rp-ygNr5FMZrrEwJRROgOkPZSecGw8aowmbsQp6Fff45afrADXykRDrUVjoO4rHO7uD8yFCQRjsrcoAv6KKOFgrT2jqOIRq1U8UUoX2OeE.fG6Psl2dWIDZC-lAQPmm1t6UHFIdPW1GEK8IDkTvwfw&dib_tag=se&keywords=samsung+s+25+ultra&qid=1765022550&sr=8-13,,{},samsung s 25 ultra
ESR,850.00 EGP,4.6 out of 5 stars,https://m.media-amazon.com/images/I/61SpcVg7CxL._AC_UL320_.jpg,https://www.amazon.eg/-/en/ESR-Samsung-Galaxy-S25-Ultra/dp/B0DMSMHY6Y/ref=sr_1_14?dib=eyJ2IjoiMSJ9.x6EDnMrdJZG9Zig2p8bW79Yb6fHh90U93uDxLKiG0iBIa75KgO55HvpQ6DVkAhvl-lp42i64i0g4jVQIiC_kO7jyr-WWySWQHTEwyoYV_CJtkGH1ZrOwXgW2xTO-FZlhfQ0TnRXZs7R-wgepbFSHsgLGXLsWmMdEvfoWe9THcEHclUHvxojsy_zS9V4_1Nuy6rp-ygNr5FMZrrEwJRROgOkPZSecGw8aowmbsQp6Fff45afrADXykRDrUVjoO4rHO7uD8yFCQRjsrcoAv6KKOFgrT2jqOIRq1U8UUoX2OeE.fG6Psl2dWIDZC-lAQPmm1t6UHFIdPW1GEK8IDkTvwfw&dib_tag=se&keywords=samsung+s+25+ultra&qid=1765022550&sr=8-14,,{},samsung s 25 ultra
Nillkin,490.00 EGP,4.4 out of 5 stars,https://m.media-amazon.com/images/I/71y8valpBhL._AC_UL320_.jpg,https://www.amazon.eg/-/en/NILLKIN-Galaxy-Protection-Protective-Samsung/dp/B0DNJSCTCS/ref=sr_1_15?dib=eyJ2IjoiMSJ9.x6EDnMrdJZG9Zig2p8bW79Yb6fHh90U93uDxLKiG0iBIa75KgO55HvpQ6DVkAhvl-lp42i64i0g4jVQIiC_kO7jyr-WWySWQHTEwyoYV_CJtkGH1ZrOwXgW2xTO-FZlhfQ0TnRXZs7R-wgepbFSHsgLGXLsWmMdEvfoWe9THcEHclUHvxojsy_zS9V4_1Nuy6rp-ygNr5FMZrrEwJRROgOkPZSecGw8aowmbsQp6Fff45afrADXykRDrUVjoO4rHO7uD8yFCQRjsrcoAv6KKOFgrT2jqOIRq1U8UUoX2OeE.fG6Psl2dWIDZC-lAQPmm1t6UHFIdPW1GEK8IDkTvwfw&dib_tag=se&keywords=samsung+s+25+ultra&qid=1765022550&sr=8-15,,{},samsung s 25 ultra
HUAWEI,"19,999.00 EGP",4.2 out of 5 stars,https://m.media-amazon.com/images/I/61cJh--apcL._AC_UL320_.jpg,https://www.amazon.eg/-/en/Huawei-Smartphone-Display-High-Resolution-Charging/dp/B0F1N76K33/ref=sr_1_16?dib=eyJ2IjoiMSJ9.x6EDnMrdJZG9Zig2p8bW79Yb6fHh90U93uDxLKiG0iBIa75KgO55HvpQ6DVkAhvl-lp42i64i0g4jVQIiC_kO7jyr-WWySWQHTEwyoYV_CJtkGH1ZrOwXgW2xTO-FZlhfQ0TnRXZs7R-wgepbFSHsgLGXLsWmMdEvfoWe9THcEHclUHvxojsy_zS9V4_1Nuy6rp-ygNr5FMZrrEwJRROgOkPZSecGw8aowmbsQp6Fff45afrADXykRDrUVjoO4rHO7uD8yFCQRjsrcoAv6KKOFgrT2jqOIRq1U8UUoX2OeE.fG6Psl2dWIDZC-lAQPmm1t6UHFIdPW1GEK8IDkTvwfw&dib_tag=se&keywords=samsung+s+25+ultra&qid=1765022550&sr=8-16,,{},samsung s 25 ultra
"Magnetic Cover for Samsung S25 Ultra, Compatible with MagSafe [Camera Lens Protector] Soft Anti-Shock Case for Samsung Galaxy S25 Ultra Slim Cover 6.8 Inch 2025, Pink",225.00 EGP,3.6 out of 5 stars,https://m.media-amazon.com/images/I/61FjeuAJCdL._AC_UL320_.jpg,https://www.amazon.eg/-/en/FAOMSEBS-Magnetic-Compatible-Protector-Anti-Shock/dp/B0DRVQYCJW/ref=sr_1_17?dib=eyJ2IjoiMSJ9.x6EDnMrdJZG9Zig2p8bW79Yb6fHh90U93uDxLKiG0iBIa75KgO55HvpQ6DVkAhvl-lp42i64i0g4jVQIiC_kO7jyr-WWySWQHTEwyoYV_CJtkGH1ZrOwXgW2xTO-FZlhfQ0TnRXZs7R-wgepbFSHsgLGXLsWmMdEvfoWe9THcEHclUHvxojsy_zS9V4_1Nuy6rp-ygNr5FMZrrEwJRROgOkPZSecGw8aowmbsQp6Fff45afrADXykRDrUVjoO4rHO7uD8yFCQRjsrcoAv6KKOFgrT2jqOIRq1U8UUoX2OeE.fG6Psl2dWIDZC-lAQPmm1t6UHFIdPW1GEK8IDkTvwfw&dib_tag=se&keywords=samsung+s+25+ultra&qid=1765022550&sr=8-17,,{},samsung s 25 ultra
Onestyle,100.00 EGP,4.5 out of 5 stars,https://m.media-amazon.com/images/I/612XLTn5XUL._AC_UL320_.jpg,https://www.amazon.eg/-/en/Onestyle-Anti-Yellowing-Protection-Shockproof-Transparent/dp/B0DRFYH489/ref=sr_1_18?dib=eyJ2IjoiMSJ9.x6EDnMrdJZG9Zig2p8bW79Yb6fHh90U93uDxLKiG0iBIa75KgO55HvpQ6DVkAhvl-lp42i64i0g4jVQIiC_kO7jyr-WWySWQHTEwyoYV_CJtkGH1ZrOwXgW2xTO-FZlhfQ0TnRXZs7R-wgepbFSHsgLGXLsWmMdEvfoWe9THcEHclUHvxojsy_zS9V4_1Nuy6rp-ygNr5FMZrrEwJRROgOkPZSecGw8aowmbsQp6Fff45afrADXykRDrUVjoO4rHO7uD8yFCQRjsrcoAv6KKOFgrT2jqOIRq1U8UUoX2OeE.fG6Psl2dWIDZC-lAQPmm1t6UHFIdPW1GEK8IDkTvwfw&dib_tag=se&keywords=samsung+s+25+ultra&qid=1765022550&sr=8-18,,{},samsung s 25 ultra
Samsung,"84,750.00 EGP",3.3 out of 5 stars,https://m.media-amazon.com/images/I/71+B+f79QzL._AC_UL320_.jpg,https://www.amazon.eg/-/en/SAMSUNG-Storage-Android-Smartphone-Multi-tasking/dp/B0D8L7LRLC/ref=sr_1_19?dib=eyJ2IjoiMSJ9.x6EDnMrdJZG9Zig2p8bW79Yb6fHh90U93uDxLKiG0iBIa75KgO55HvpQ6DVkAhvl-lp42i64i0g4jVQIiC_kO7jyr-WWySWQHTEwyoYV_CJtkGH1ZrOwXgW2xTO-FZlhfQ0TnRXZs7R-wgepbFSHsgLGXLsWmMdEvfoWe9THcEHclUHvxojsy_zS9V4_1Nuy6rp-ygNr5FMZrrEwJRROgOkPZSecGw8aowmbsQp6Fff45afrADXykRDrUVjoO4rHO7uD8yFCQRjsrcoAv6KKOFgrT2jqOIRq1U8UUoX2OeE.fG6Psl2dWIDZC-lAQPmm1t6UHFIdPW1GEK8IDkTvwfw&dib_tag=se&keywords=samsung+s+25+ultra&qid=1765022550&sr=8-19,,{},samsung s 25 ultra
GRABIST,170.00 EGP,3.4 out of 5 stars,https://m.media-amazon.com/images/I/61Ab7RtIi9L._AC_UL320_.jpg,https://www.amazon.eg/-/en/Protector-Fingerprint-Resistant-Bubble-Free-Installation/dp/B0F21RVLVS/ref=sr_1_20?dib=eyJ2IjoiMSJ9.x6EDnMrdJZG9Zig2p8bW79Yb6fHh90U93uDxLKiG0iBIa75KgO55HvpQ6DVkAhvl-lp42i64i0g4jVQIiC_kO7jyr-WWySWQHTEwyoYV_CJtkGH1ZrOwXgW2xTO-FZlhfQ0TnRXZs7R-wgepbFSHsgLGXLsWmMdEvfoWe9THcEHclUHvxojsy_zS9V4_1Nuy6rp-ygNr5FMZrrEwJRROgOkPZSecGw8aowmbsQp6Fff45afrADXykRDrUVjoO4rHO7uD8yFCQRjsrcoAv6KKOFgrT2jqOIRq1U8UUoX2OeE.fG6Psl2dWIDZC-lAQPmm1t6UHFIdPW1GEK8IDkTvwfw&dib_tag=se&keywords=samsung+s+25+ultra&qid=1765022550&sr=8-20,,{},samsung s 25 ultra
Nillkin,520.00 EGP,4.0 out of 5 stars,https://m.media-amazon.com/images/I/71+onufqpAL._AC_UL320_.jpg,https://www.amazon.eg/-/en/Nillkin-Galaxy-S25-Ultra-Case/dp/B0DNJPJD48/ref=sr_1_21?dib=eyJ2IjoiMSJ9.x6EDnMrdJZG9Zig2p8bW79Yb6fHh90U93uDxLKiG0iBIa75KgO55HvpQ6DVkAhvl-lp42i64i0g4jVQIiC_kO7jyr-WWySWQHTEwyoYV_CJtkGH1ZrOwXgW2xTO-FZlhfQ0TnRXZs7R-wgepbFSHsgLGXLsWmMdEvfoWe9THcEHclUHvxojsy_zS9V4_1Nuy6rp-ygNr5FMZrrEwJRROgOkPZSecGw8aowmbsQp6Fff45afrADXykRDrUVjoO4rHO7uD8yFCQRjsrcoAv6KKOFgrT2jqOIRq1U8UUoX2OeE.fG6Psl2dWIDZC-lAQPmm1t6UHFIdPW1GEK8IDkTvwfw&dib_tag=se&keywords=samsung+s+25+ultra&qid=1765022550&sr=8-21,,{},samsung s 25 ultra
Compatible with for Samsung S25 Ultra Leather Flip Cover Detachable Leather Wallet Case Compatiable for Samsung S25 Ultra (Brown),750.00 EGP,3.0 out of 5 stars,https://m.media-amazon.com/images/I/71Wa7gqBjWL._AC_UL320_.jpg,https://www.amazon.eg/-/en/Compatible-Samsung-Leather-Detachable-Compatiable/dp/B0F7Z3RVB3/ref=sr_1_22?dib=eyJ2IjoiMSJ9.x6EDnMrdJZG9Zig2p8bW79Yb6fHh90U93uDxLKiG0iBIa75KgO55HvpQ6DVkAhvl-lp42i64i0g4jVQIiC_kO7jyr-WWySWQHTEwyoYV_CJtkGH1ZrOwXgW2xTO-FZlhfQ0TnRXZs7R-wgepbFSHsgLGXLsWmMdEvfoWe9THcEHclUHvxojsy_zS9V4_1Nuy6rp-ygNr5FMZrrEwJRROgOkPZSecGw8aowmbsQp6Fff45afrADXykRDrUVjoO4rHO7uD8yFCQRjsrcoAv6KKOFgrT2jqOIRq1U8UUoX2OeE.fG6Psl2dWIDZC-lAQPmm1t6UHFIdPW1GEK8IDkTvwfw&dib_tag=se&keywords=samsung+s+25+ultra&qid=1765022550&sr=8-22,,{},samsung s 25 ultra
"Soft Silicone Cases for Samsung Galaxy S25 Ultra 5G,[Military Grade Drop Protection] [Anti-Scratch Microfiber Lining] Shockproof Slim Cover for Samsung Galaxy S25 Ultra (Black)",180.00 EGP,4.0 out of 5 stars,https://m.media-amazon.com/images/I/61RgFxfJnqL._AC_UL320_.jpg,https://www.amazon.eg/-/en/Silicone-Protection-Anti-Scratch-Microfiber-Shockproof/dp/B0DWSSD3DC/ref=sr_1_23?dib=eyJ2IjoiMSJ9.x6EDnMrdJZG9Zig2p8bW79Yb6fHh90U93uDxLKiG0iBIa75KgO55HvpQ6DVkAhvl-lp42i64i0g4jVQIiC_kO7jyr-WWySWQHTEwyoYV_CJtkGH1ZrOwXgW2xTO-FZlhfQ0TnRXZs7R-wgepbFSHsgLGXLsWmMdEvfoWe9THcEHclUHvxojsy_zS9V4_1Nuy6rp-ygNr5FMZrrEwJRROgOkPZSecGw8aowmbsQp6Fff45afrADXykRDrUVjoO4rHO7uD8yFCQRjsrcoAv6KKOFgrT2jqOIRq1U8UUoX2OeE.fG6Psl2dWIDZC-lAQPmm1t6UHFIdPW1GEK8IDkTvwfw&dib_tag=se&keywords=samsung+s+25+ultra&qid=1765022550&sr=8-23,,{},samsung s 25 ultra
Samsung,"15,999.00 EGP",4.1 out of 5 stars,https://m.media-amazon.com/images/I/71a3QoZJqPL._AC_UL320_.jpg,https://www.amazon.eg/-/en/Samsung-Android-Smartphone-Storage-Warranty/dp/B0DNMM1RYQ/ref=sr_1_24?dib=eyJ2IjoiMSJ9.x6EDnMrdJZG9Zig2p8bW79Yb6fHh90U93uDxLKiG0iBIa75KgO55HvpQ6DVkAhvl-lp42i64i0g4jVQIiC_kO7jyr-WWySWQHTEwyoYV_CJtkGH1ZrOwXgW2xTO-FZlhfQ0TnRXZs7R-wgepbFSHsgLGXLsWmMdEvfoWe9THcEHclUHvxojsy_zS9V4_1Nuy6rp-ygNr5FMZrrEwJRROgOkPZSecGw8aowmbsQp6Fff45afrADXykRDrUVjoO4rHO7uD8yFCQRjsrcoAv6KKOFgrT2jqOIRq1U8UUoX2OeE.fG6Psl2dWIDZC-lAQPmm1t6UHFIdPW1GEK8IDkTvwfw&dib_tag=se&keywords=samsung+s+25+ultra&qid=1765022550&sr=8-24,,{},samsung s 25 ultra
"Cover for Samsung Galaxy S25 Ultra 5G, Slim Magnetic Transparent Samsung S 25 Ultra Case with Camera Protection, Anti-Scratch Shockproof Cover Case for Galaxy S25 Ultra, Rose Gold",500.00 EGP,4.1 out of 5 stars,https://m.media-amazon.com/images/I/71bL1-ChQLL._AC_UL320_.jpg,https://www.amazon.eg/-/en/AFENGBOX-Samsung-Galaxy-S25-Ultra/dp/B0DSBNF7WC/ref=sr_1_25?dib=eyJ2IjoiMSJ9.x6EDnMrdJZG9Zig2p8bW79Yb6fHh90U93uDxLKiG0iBIa75KgO55HvpQ6DVkAhvl-lp42i64i0g4jVQIiC_kO7jyr-WWySWQHTEwyoYV_CJtkGH1ZrOwXgW2xTO-FZlhfQ0TnRXZs7R-wgepbFSHsgLGXLsWmMdEvfoWe9THcEHclUHvxojsy_zS9V4_1Nuy6rp-ygNr5FMZrrEwJRROgOkPZSecGw8aowmbsQp6Fff45afrADXykRDrUVjoO4rHO7uD8yFCQRjsrcoAv6KKOFgrT2jqOIRq1U8UUoX2OeE.fG6Psl2dWIDZC-lAQPmm1t6UHFIdPW1GEK8IDkTvwfw&dib_tag=se&keywords=samsung+s+25+ultra&qid=1765022550&sr=8-25,,{},samsung s 25 ultra
Eligo,256.00 EGP,3.6 out of 5 stars,https://m.media-amazon.com/images/I/61UfRzEQitL._AC_UL320_.jpg,https://www.amazon.eg/-/en/Eligo-S25-Ultra-Case-Translucent/dp/B0DNFR57CF/ref=sr_1_26?dib=eyJ2IjoiMSJ9.x6EDnMrdJZG9Zig2p8bW79Yb6fHh90U93uDxLKiG0iBIa75KgO55HvpQ6DVkAhvl-lp42i64i0g4jVQIiC_kO7jyr-WWySWQHTEwyoYV_CJtkGH1ZrOwXgW2xTO-FZlhfQ0TnRXZs7R-wgepbFSHsgLGXLsWmMdEvfoWe9THcEHclUHvxojsy_zS9V4_1Nuy6rp-ygNr5FMZrrEwJRROgOkPZSecGw8aowmbsQp6Fff45afrADXykRDrUVjoO4rHO7uD8yFCQRjsrcoAv6KKOFgrT2jqOIRq1U8UUoX2OeE.fG6Psl2dWIDZC-lAQPmm1t6UHFIdPW1GEK8IDkTvwfw&dib_tag=se&keywords=samsung+s+25+ultra&qid=1765022550&sr=8-26,,{},samsung s 25 ultra
RUNGOS,225.00 EGP,4.3 out of 5 stars,https://m.media-amazon.com/images/I/61J8fGbbdjL._AC_UL320_.jpg,https://www.amazon.eg/-/en/RUNGOS-Protectors-Protection-Shockproof-Mysterious/dp/B0DRWP739D/ref=sr_1_27?dib=eyJ2IjoiMSJ9.x6EDnMrdJZG9Zig2p8bW79Yb6fHh90U93uDxLKiG0iBIa75KgO55HvpQ6DVkAhvl-lp42i64i0g4jVQIiC_kO7jyr-WWySWQHTEwyoYV_CJtkGH1ZrOwXgW2xTO-FZlhfQ0TnRXZs7R-wgepbFSHsgLGXLsWmMdEvfoWe9THcEHclUHvxojsy_zS9V4_1Nuy6rp-ygNr5FMZrrEwJRROgOkPZSecGw8aowmbsQp6Fff45afrADXykRDrUVjoO4rHO7uD8yFCQRjsrcoAv6KKOFgrT2jqOIRq1U8UUoX2OeE.fG6Psl2dWIDZC-lAQPmm1t6UHFIdPW1GEK8IDkTvwfw&dib_tag=se&keywords=samsung+s+25+ultra&qid=1765022550&sr=8-27,,{},samsung s 25 ultra
Ringke,700.00 EGP,4.5 out of 5 stars,https://m.media-amazon.com/images/I/71saHP6J+aL._AC_UL320_.jpg,https://www.amazon.eg/-/en/Ringke-Onyx-Compatible-Anti-Fingerprint-Lightweight/dp/B0DQF1J81T/ref=sr_1_28?dib=eyJ2IjoiMSJ9.x6EDnMrdJZG9Zig2p8bW79Yb6fHh90U93uDxLKiG0iBIa75KgO55HvpQ6DVkAhvl-lp42i64i0g4jVQIiC_kO7jyr-WWySWQHTEwyoYV_CJtkGH1ZrOwXgW2xTO-FZlhfQ0TnRXZs7R-wgepbFSHsgLGXLsWmMdEvfoWe9THcEHclUHvxojsy_zS9V4_1Nuy6rp-ygNr5FMZrrEwJRROgOkPZSecGw8aowmbsQp6Fff45afrADXykRDrUVjoO4rHO7uD8yFCQRjsrcoAv6KKOFgrT2jqOIRq1U8UUoX2OeE.fG6Psl2dWIDZC-lAQPmm1t6UHFIdPW1GEK8IDkTvwfw&dib_tag=se&keywords=samsung+s+25+ultra&qid=1765022550&sr=8-28,,{},samsung s 25 ultra
2-Pack Tempered Glass Screen Protector for Samsung Galaxy S25 Ultra [Support Fingerprint Unlock] [Full Coverage] with Transparent HD Clear Anti-Scratch S 25 25Ultra S25Ultra (Galaxy S25,414.00 EGP,3.6 out of 5 stars,https://m.media-amazon.com/images/I/71wGciHlRKL._AC_UL320_.jpg,https://www.amazon.eg/-/en/KUXNGUYI-Galaxy-S25-Ultra-Anti-Scratch/dp/B0DP7PJ42R/ref=sr_1_29?dib=eyJ2IjoiMSJ9.x6EDnMrdJZG9Zig2p8bW79Yb6fHh90U93uDxLKiG0iBIa75KgO55HvpQ6DVkAhvl-lp42i64i0g4jVQIiC_kO7jyr-WWySWQHTEwyoYV_CJtkGH1ZrOwXgW2xTO-FZlhfQ0TnRXZs7R-wgepbFSHsgLGXLsWmMdEvfoWe9THcEHclUHvxojsy_zS9V4_1Nuy6rp-ygNr5FMZrrEwJRROgOkPZSecGw8aowmbsQp6Fff45afrADXykRDrUVjoO4rHO7uD8yFCQRjsrcoAv6KKOFgrT2jqOIRq1U8UUoX2OeE.fG6Psl2dWIDZC-lAQPmm1t6UHFIdPW1GEK8IDkTvwfw&dib_tag=se&keywords=samsung+s+25+ultra&qid=1765022550&sr=8-29,,{},samsung s 25 ultra
"Matte for Samsung Galaxy S25 Ultra Case, Compatible with MagSafe, Slim Thin Magnetic Cover with Built-in Camera Lens Protector (Removable) Shockproof Phone Shell, Gray",350.00 EGP,4.2 out of 5 stars,https://m.media-amazon.com/images/I/61ylophpUAL._AC_UL320_.jpg,https://www.amazon.eg/-/en/MAKAVO-Compatible-Protector-Removable-Shockproof/dp/B0DXF9W4KP/ref=sr_1_30?dib=eyJ2IjoiMSJ9.x6EDnMrdJZG9Zig2p8bW79Yb6fHh90U93uDxLKiG0iBIa75KgO55HvpQ6DVkAhvl-lp42i64i0g4jVQIiC_kO7jyr-WWySWQHTEwyoYV_CJtkGH1ZrOwXgW2xTO-FZlhfQ0TnRXZs7R-wgepbFSHsgLGXLsWmMdEvfoWe9THcEHclUHvxojsy_zS9V4_1Nuy6rp-ygNr5FMZrrEwJRROgOkPZSecGw8aowmbsQp6Fff45afrADXykRDrUVjoO4rHO7uD8yFCQRjsrcoAv6KKOFgrT2jqOIRq1U8UUoX2OeE.fG6Psl2dWIDZC-lAQPmm1t6UHFIdPW1GEK8IDkTvwfw&dib_tag=se&keywords=samsung+s+25+ultra&qid=1765022550&sr=8-30,,{},samsung s 25 ultra
